,FL1.Amean,FL1.Amedian,FL1.Asd,Position,atime,btime,conc,events,file,strain,time,treatment,strain_name
0,2223.981022,2123.5,1005.6619999999999,A01,5.473,1076.7975,462.9942548,2740,A01,6059,0.0,100.0,"pMOD6-pGRR-W10-yeGFP, pMOD-dcas9-mxi1,pMOD-HOKan-pACT1-ZEV4,pMOD8-pGALZ4-URGR-W10"
1,2355.974824,2226.0,1412.969012,A02,5.726,1077.308833,440.61990210000005,2701,A02,6059,0.511333333,75.0,"pMOD6-pGRR-W10-yeGFP, pMOD-dcas9-mxi1,pMOD-HOKan-pACT1-ZEV4,pMOD8-pGALZ4-URGR-W10"
2,2312.510473,2223.5,1126.746154,A03,4.876,1077.809,563.594821,2960,A03,6059,1.0115,50.0,"pMOD6-pGRR-W10-yeGFP, pMOD-dcas9-mxi1,pMOD-HOKan-pACT1-ZEV4,pMOD8-pGALZ4-URGR-W10"
3,2409.595745,2316.0,1171.176109,A04,6.74,1078.297667,385.3494624,2867,A04,6059,1.5001666669999998,37.5,"pMOD6-pGRR-W10-yeGFP, pMOD-dcas9-mxi1,pMOD-HOKan-pACT1-ZEV4,pMOD8-pGALZ4-URGR-W10"
4,2524.13951,2400.0,1300.4671050000002,A05,6.5360000000000005,1078.8125,402.1987436,2817,A05,6059,2.015,25.0,"pMOD6-pGRR-W10-yeGFP, pMOD-dcas9-mxi1,pMOD-HOKan-pACT1-ZEV4,pMOD8-pGALZ4-URGR-W10"
5,2656.494078,2516.0,1389.4108509999999,A06,5.261,1079.332333,519.6061192,2955,A06,6059,2.534833333,12.5,"pMOD6-pGRR-W10-yeGFP, pMOD-dcas9-mxi1,pMOD-HOKan-pACT1-ZEV4,pMOD8-pGALZ4-URGR-W10"
6,3151.558589,2934.0,1444.809466,A07,5.553999999999999,1079.887667,509.4115652,3004,A07,6059,3.090166667,6.25,"pMOD6-pGRR-W10-yeGFP, pMOD-dcas9-mxi1,pMOD-HOKan-pACT1-ZEV4,pMOD8-pGALZ4-URGR-W10"
7,4444.301022,4067.0,2101.2448489999997,A08,5.749,1080.379,494.94125329999997,3033,A08,6059,3.5815,3.125,"pMOD6-pGRR-W10-yeGFP, pMOD-dcas9-mxi1,pMOD-HOKan-pACT1-ZEV4,pMOD8-pGALZ4-URGR-W10"
8,8201.355997,7460.0,3916.94081,A09,6.04,1080.869167,491.2557114,3118,A09,6059,4.071666667,1.5625,"pMOD6-pGRR-W10-yeGFP, pMOD-dcas9-mxi1,pMOD-HOKan-pACT1-ZEV4,pMOD8-pGALZ4-URGR-W10"
9,13862.17059,13491.0,5367.295249,A10,6.27,1081.373833,444.88653110000007,3019,A10,6059,4.576333333,0.78125,"pMOD6-pGRR-W10-yeGFP, pMOD-dcas9-mxi1,pMOD-HOKan-pACT1-ZEV4,pMOD8-pGALZ4-URGR-W10"
10,17758.588369999998,17509.0,5199.719522,A11,6.515,1081.874333,444.6984853,3112,A11,6059,5.076833333,0.390625,"pMOD6-pGRR-W10-yeGFP, pMOD-dcas9-mxi1,pMOD-HOKan-pACT1-ZEV4,pMOD8-pGALZ4-URGR-W10"
11,19447.51248,19138.5,4903.350099,A12,5.787000000000001,1082.3855,497.79375710000005,3046,A12,6059,5.587999999999999,0.1953125,"pMOD6-pGRR-W10-yeGFP, pMOD-dcas9-mxi1,pMOD-HOKan-pACT1-ZEV4,pMOD8-pGALZ4-URGR-W10"
12,12236.157140000001,11828.0,4514.1497340000005,B01,8.963,1082.927333,303.6066937,2921,B01,6325,6.129833333,100.0,"pMOD6-pGRR-W10-yeGFP, pMOD-dcas9-mxi1,pMOD-HOKan-pACT1-ZEV4,pMOD-LTR1-NatMX-pGRR-W8-RGR-W10,pMOD8-pGALZ4-URGR-W8"
13,12108.069459999999,11694.0,4471.892382,B02,8.85,1083.4755,316.92013189999994,2980,B02,6325,6.678,75.0,"pMOD6-pGRR-W10-yeGFP, pMOD-dcas9-mxi1,pMOD-HOKan-pACT1-ZEV4,pMOD-LTR1-NatMX-pGRR-W8-RGR-W10,pMOD8-pGALZ4-URGR-W8"
14,12144.88372,11561.0,4658.034721,B03,8.702,1084.018833,315.43695510000003,2967,B03,6325,7.221333333,50.0,"pMOD6-pGRR-W10-yeGFP, pMOD-dcas9-mxi1,pMOD-HOKan-pACT1-ZEV4,pMOD-LTR1-NatMX-pGRR-W8-RGR-W10,pMOD8-pGALZ4-URGR-W8"
15,11489.88464,11077.5,4373.330172,B04,4.98,1084.568667,607.8359575000001,3320,B04,6325,7.771166667,37.5,"pMOD6-pGRR-W10-yeGFP, pMOD-dcas9-mxi1,pMOD-HOKan-pACT1-ZEV4,pMOD-LTR1-NatMX-pGRR-W8-RGR-W10,pMOD8-pGALZ4-URGR-W8"
16,11621.47393,11236.5,4385.303515,B05,8.095,1085.057333,338.06363010000007,2954,B05,6325,8.259833333,25.0,"pMOD6-pGRR-W10-yeGFP, pMOD-dcas9-mxi1,pMOD-HOKan-pACT1-ZEV4,pMOD-LTR1-NatMX-pGRR-W8-RGR-W10,pMOD8-pGALZ4-URGR-W8"
17,11265.29235,10847.0,4225.697331,B06,9.633,1085.5855,288.86942989999994,2969,B06,6325,8.788,12.5,"pMOD6-pGRR-W10-yeGFP, pMOD-dcas9-mxi1,pMOD-HOKan-pACT1-ZEV4,pMOD-LTR1-NatMX-pGRR-W8-RGR-W10,pMOD8-pGALZ4-URGR-W8"
18,9860.300798999999,9306.0,3939.648643,B07,9.443,1086.212,298.73619269999995,3002,B07,6325,9.4145,6.25,"pMOD6-pGRR-W10-yeGFP, pMOD-dcas9-mxi1,pMOD-HOKan-pACT1-ZEV4,pMOD-LTR1-NatMX-pGRR-W8-RGR-W10,pMOD8-pGALZ4-URGR-W8"
19,7296.469368000001,6710.0,3206.584454,B08,11.777999999999999,1086.782167,241.3172716,3085,B08,6325,9.984666667,3.125,"pMOD6-pGRR-W10-yeGFP, pMOD-dcas9-mxi1,pMOD-HOKan-pACT1-ZEV4,pMOD-LTR1-NatMX-pGRR-W8-RGR-W10,pMOD8-pGALZ4-URGR-W8"
20,4265.017197,3814.0,2154.769782,B09,11.546,1087.387167,245.08946319999998,3082,B09,6325,10.58966667,1.5625,"pMOD6-pGRR-W10-yeGFP, pMOD-dcas9-mxi1,pMOD-HOKan-pACT1-ZEV4,pMOD-LTR1-NatMX-pGRR-W8-RGR-W10,pMOD8-pGALZ4-URGR-W8"
21,2692.791667,2501.0,1148.854039,B10,11.482999999999999,1088.004833,242.97844550000002,2976,B10,6325,11.20733333,0.78125,"pMOD6-pGRR-W10-yeGFP, pMOD-dcas9-mxi1,pMOD-HOKan-pACT1-ZEV4,pMOD-LTR1-NatMX-pGRR-W8-RGR-W10,pMOD8-pGALZ4-URGR-W8"
22,2237.879819,2143.0,962.9546823,B11,12.572000000000001,1088.585333,210.69964869999998,2879,B11,6325,11.78783333,0.390625,"pMOD6-pGRR-W10-yeGFP, pMOD-dcas9-mxi1,pMOD-HOKan-pACT1-ZEV4,pMOD-LTR1-NatMX-pGRR-W8-RGR-W10,pMOD8-pGALZ4-URGR-W8"
23,2105.864566,2043.0,716.5953131,B12,12.304,1089.198667,225.5065014,2983,B12,6325,12.40116667,0.1953125,"pMOD6-pGRR-W10-yeGFP, pMOD-dcas9-mxi1,pMOD-HOKan-pACT1-ZEV4,pMOD-LTR1-NatMX-pGRR-W8-RGR-W10,pMOD8-pGALZ4-URGR-W8"
24,3127.508766,2882.5,1513.088176,C01,15.847000000000001,1089.8455,179.3826441,3080,C01,6326,13.048,100.0,"pMOD6-pGRR-W10-yeGFP, pMOD4-dcas9-mxi1,pMOD-HOKan-pACT1-ZEV4,pMOD8-pGALZ4-URGR-W5,pMOD-LTR1-NatMX-pGRR-W8-RGR-W10,pMOD6-pGRR-W5-RGR-W8"
25,3154.281048,2924.5,1352.023725,C02,15.355,1090.520333,184.8287405,3092,C02,6326,13.72283333,75.0,"pMOD6-pGRR-W10-yeGFP, pMOD4-dcas9-mxi1,pMOD-HOKan-pACT1-ZEV4,pMOD8-pGALZ4-URGR-W5,pMOD-LTR1-NatMX-pGRR-W8-RGR-W10,pMOD6-pGRR-W5-RGR-W8"
26,3173.434365,2952.0,1343.080831,C03,9.213,1091.1885,327.98537769999996,3230,C03,6326,14.390999999999998,50.0,"pMOD6-pGRR-W10-yeGFP, pMOD4-dcas9-mxi1,pMOD-HOKan-pACT1-ZEV4,pMOD8-pGALZ4-URGR-W5,pMOD-LTR1-NatMX-pGRR-W8-RGR-W10,pMOD6-pGRR-W5-RGR-W8"
27,3266.8559210000003,3024.5,1455.456735,C04,13.069,1091.746667,215.5569737,3040,C04,6326,14.94916667,37.5,"pMOD6-pGRR-W10-yeGFP, pMOD4-dcas9-mxi1,pMOD-HOKan-pACT1-ZEV4,pMOD8-pGALZ4-URGR-W5,pMOD-LTR1-NatMX-pGRR-W8-RGR-W10,pMOD6-pGRR-W5-RGR-W8"
28,3283.4794899999997,3004.5,1568.71117,C05,12.682,1092.3705,235.1823431,3218,C05,6326,15.573,25.0,"pMOD6-pGRR-W10-yeGFP, pMOD4-dcas9-mxi1,pMOD-HOKan-pACT1-ZEV4,pMOD8-pGALZ4-URGR-W5,pMOD-LTR1-NatMX-pGRR-W8-RGR-W10,pMOD6-pGRR-W5-RGR-W8"
29,3403.195568,3117.0,1593.797304,C06,13.982000000000001,1092.995333,204.84146819999998,3114,C06,6326,16.19783333,12.5,"pMOD6-pGRR-W10-yeGFP, pMOD4-dcas9-mxi1,pMOD-HOKan-pACT1-ZEV4,pMOD8-pGALZ4-URGR-W5,pMOD-LTR1-NatMX-pGRR-W8-RGR-W10,pMOD6-pGRR-W5-RGR-W8"
30,4114.15963,3709.5,2003.8639059999998,C07,17.052,1093.691833,187.0705978,3458,C07,6326,16.89433333,6.25,"pMOD6-pGRR-W10-yeGFP, pMOD4-dcas9-mxi1,pMOD-HOKan-pACT1-ZEV4,pMOD8-pGALZ4-URGR-W5,pMOD-LTR1-NatMX-pGRR-W8-RGR-W10,pMOD6-pGRR-W5-RGR-W8"
31,5510.748914,4888.5,2742.5100469999998,C08,14.099,1094.383167,211.903979,3222,C08,6326,17.58566667,3.125,"pMOD6-pGRR-W10-yeGFP, pMOD4-dcas9-mxi1,pMOD-HOKan-pACT1-ZEV4,pMOD8-pGALZ4-URGR-W5,pMOD-LTR1-NatMX-pGRR-W8-RGR-W10,pMOD6-pGRR-W5-RGR-W8"
32,8932.618529000001,8257.0,4122.039215,C09,15.384,1095.030167,199.87897130000002,3303,C09,6326,18.23266667,1.5625,"pMOD6-pGRR-W10-yeGFP, pMOD4-dcas9-mxi1,pMOD-HOKan-pACT1-ZEV4,pMOD8-pGALZ4-URGR-W5,pMOD-LTR1-NatMX-pGRR-W8-RGR-W10,pMOD6-pGRR-W5-RGR-W8"
33,11648.033159999999,11225.0,4592.961106000001,C10,16.7,1095.6935,180.4732088,3257,C10,6326,18.896,0.78125,"pMOD6-pGRR-W10-yeGFP, pMOD4-dcas9-mxi1,pMOD-HOKan-pACT1-ZEV4,pMOD8-pGALZ4-URGR-W5,pMOD-LTR1-NatMX-pGRR-W8-RGR-W10,pMOD6-pGRR-W5-RGR-W8"
34,13106.5373,12682.0,4744.636384,C11,18.858,1096.382,155.3317362,3177,C11,6326,19.5845,0.390625,"pMOD6-pGRR-W10-yeGFP, pMOD4-dcas9-mxi1,pMOD-HOKan-pACT1-ZEV4,pMOD8-pGALZ4-URGR-W5,pMOD-LTR1-NatMX-pGRR-W8-RGR-W10,pMOD6-pGRR-W5-RGR-W8"
35,13409.04555,13011.0,4707.71562,C12,22.112,1097.108333,132.8685924,3183,C12,6326,20.31083333,0.1953125,"pMOD6-pGRR-W10-yeGFP, pMOD4-dcas9-mxi1,pMOD-HOKan-pACT1-ZEV4,pMOD8-pGALZ4-URGR-W5,pMOD-LTR1-NatMX-pGRR-W8-RGR-W10,pMOD6-pGRR-W5-RGR-W8"
36,10938.50886,10449.0,4477.530916,D01,16.38,1097.919833,174.0032524,3103,D01,6327,21.12233333,100.0,"pMOD6-pGRR-W10-yeGFP, pMOD4-dcas9-mxi1,pMOD-HOKan-pACT1-ZEV4,pMOD-LTR1-NatMX-pGRR-W8-RGR-W10,pMOD6-pGRR-W5-RGR-W8, pMOD-HOKan-pGRR-W17-RGR-W5,pMOD8-pGALZ4-URGR-W17"
37,11103.99633,10594.0,4435.191661,D02,17.21,1098.606833,174.7500134,3268,D02,6327,21.80933333,75.0,"pMOD6-pGRR-W10-yeGFP, pMOD4-dcas9-mxi1,pMOD-HOKan-pACT1-ZEV4,pMOD-LTR1-NatMX-pGRR-W8-RGR-W10,pMOD6-pGRR-W5-RGR-W8, pMOD-HOKan-pGRR-W17-RGR-W5,pMOD8-pGALZ4-URGR-W17"
38,10615.181209999999,10011.0,4368.673939,D03,17.185,1099.3085,169.0547476,3162,D03,6327,22.511,50.0,"pMOD6-pGRR-W10-yeGFP, pMOD4-dcas9-mxi1,pMOD-HOKan-pACT1-ZEV4,pMOD-LTR1-NatMX-pGRR-W8-RGR-W10,pMOD6-pGRR-W5-RGR-W8, pMOD-HOKan-pGRR-W17-RGR-W5,pMOD8-pGALZ4-URGR-W17"
39,10996.10744,10358.0,4502.816941,D04,16.261,1100.009667,182.3292261,3211,D04,6327,23.21216667,37.5,"pMOD6-pGRR-W10-yeGFP, pMOD4-dcas9-mxi1,pMOD-HOKan-pACT1-ZEV4,pMOD-LTR1-NatMX-pGRR-W8-RGR-W10,pMOD6-pGRR-W5-RGR-W8, pMOD-HOKan-pGRR-W17-RGR-W5,pMOD8-pGALZ4-URGR-W17"
40,10627.22867,10065.0,4362.598265,D05,17.583,1100.689833,170.1660921,3258,D05,6327,23.89233333,25.0,"pMOD6-pGRR-W10-yeGFP, pMOD4-dcas9-mxi1,pMOD-HOKan-pACT1-ZEV4,pMOD-LTR1-NatMX-pGRR-W8-RGR-W10,pMOD6-pGRR-W5-RGR-W8, pMOD-HOKan-pGRR-W17-RGR-W5,pMOD8-pGALZ4-URGR-W17"
41,10054.572320000001,9443.0,4205.969597,D06,25.983,1101.3816669999999,114.1393297,3208,D06,6327,24.58416667,12.5,"pMOD6-pGRR-W10-yeGFP, pMOD4-dcas9-mxi1,pMOD-HOKan-pACT1-ZEV4,pMOD-LTR1-NatMX-pGRR-W8-RGR-W10,pMOD6-pGRR-W5-RGR-W8, pMOD-HOKan-pGRR-W17-RGR-W5,pMOD8-pGALZ4-URGR-W17"
42,9481.597359000001,8754.0,4215.996222,D07,24.82,1102.281167,110.20712820000001,2953,D07,6327,25.48366667,6.25,"pMOD6-pGRR-W10-yeGFP, pMOD4-dcas9-mxi1,pMOD-HOKan-pACT1-ZEV4,pMOD-LTR1-NatMX-pGRR-W8-RGR-W10,pMOD6-pGRR-W5-RGR-W8, pMOD-HOKan-pGRR-W17-RGR-W5,pMOD8-pGALZ4-URGR-W17"
43,7525.891006,6773.0,3662.373664,D08,26.453000000000003,1103.103333,124.04420959999999,3569,D08,6327,26.30583333,3.125,"pMOD6-pGRR-W10-yeGFP, pMOD4-dcas9-mxi1,pMOD-HOKan-pACT1-ZEV4,pMOD-LTR1-NatMX-pGRR-W8-RGR-W10,pMOD6-pGRR-W5-RGR-W8, pMOD-HOKan-pGRR-W17-RGR-W5,pMOD8-pGALZ4-URGR-W17"
44,4932.342345,4300.0,2724.147502,D09,26.0,1103.96,121.02567749999999,3403,D09,6327,27.1625,1.5625,"pMOD6-pGRR-W10-yeGFP, pMOD4-dcas9-mxi1,pMOD-HOKan-pACT1-ZEV4,pMOD-LTR1-NatMX-pGRR-W8-RGR-W10,pMOD6-pGRR-W5-RGR-W8, pMOD-HOKan-pGRR-W17-RGR-W5,pMOD8-pGALZ4-URGR-W17"
45,3384.8723670000004,2992.0,1867.188051,D10,20.491999999999997,1104.803333,143.26892759999998,3181,D10,6327,28.00583333,0.78125,"pMOD6-pGRR-W10-yeGFP, pMOD4-dcas9-mxi1,pMOD-HOKan-pACT1-ZEV4,pMOD-LTR1-NatMX-pGRR-W8-RGR-W10,pMOD6-pGRR-W5-RGR-W8, pMOD-HOKan-pGRR-W17-RGR-W5,pMOD8-pGALZ4-URGR-W17"
46,2755.0257269999997,2542.0,1423.7148789999999,D11,17.967,1105.5615,168.7076939,3265,D11,6327,28.764,0.390625,"pMOD6-pGRR-W10-yeGFP, pMOD4-dcas9-mxi1,pMOD-HOKan-pACT1-ZEV4,pMOD-LTR1-NatMX-pGRR-W8-RGR-W10,pMOD6-pGRR-W5-RGR-W8, pMOD-HOKan-pGRR-W17-RGR-W5,pMOD8-pGALZ4-URGR-W17"
47,2640.90622,2450.0,1352.071741,D12,26.62,1106.271333,108.9828269,3135,D12,6327,29.47383333,0.1953125,"pMOD6-pGRR-W10-yeGFP, pMOD4-dcas9-mxi1,pMOD-HOKan-pACT1-ZEV4,pMOD-LTR1-NatMX-pGRR-W8-RGR-W10,pMOD6-pGRR-W5-RGR-W8, pMOD-HOKan-pGRR-W17-RGR-W5,pMOD8-pGALZ4-URGR-W17"
48,18380.90048,18230.5,4947.272388,E01,20.095,1107.138,154.6022414,3366,E01,6059,30.3405,0.09765625,"pMOD6-pGRR-W10-yeGFP, pMOD-dcas9-mxi1,pMOD-HOKan-pACT1-ZEV4,pMOD8-pGALZ4-URGR-W10"
49,18018.02361,17785.0,4703.022039,E02,19.674,1107.8945,154.92099219999997,3304,E02,6059,31.096999999999998,0.048828125,"pMOD6-pGRR-W10-yeGFP, pMOD-dcas9-mxi1,pMOD-HOKan-pACT1-ZEV4,pMOD8-pGALZ4-URGR-W10"
50,19383.39743,18933.0,4865.390074,E03,16.088,1108.627833,217.82697349999998,3739,E03,6059,31.83033333,0.024414063,"pMOD6-pGRR-W10-yeGFP, pMOD-dcas9-mxi1,pMOD-HOKan-pACT1-ZEV4,pMOD8-pGALZ4-URGR-W10"
51,17808.09552,17504.5,4641.406572,E04,26.484,1109.3058330000001,120.28863670000001,3434,E04,6059,32.50833333,0.012207031,"pMOD6-pGRR-W10-yeGFP, pMOD-dcas9-mxi1,pMOD-HOKan-pACT1-ZEV4,pMOD8-pGALZ4-URGR-W10"
52,18044.821780000002,17728.0,4625.213899,E05,21.995,1110.153,141.5873283,3361,E05,6059,33.3555,0.006103516,"pMOD6-pGRR-W10-yeGFP, pMOD-dcas9-mxi1,pMOD-HOKan-pACT1-ZEV4,pMOD8-pGALZ4-URGR-W10"
53,18301.9569,17942.0,4777.320082,E06,24.17,1110.9260000000002,127.8215625,3341,E06,6059,34.1285,0.0,"pMOD6-pGRR-W10-yeGFP, pMOD-dcas9-mxi1,pMOD-HOKan-pACT1-ZEV4,pMOD8-pGALZ4-URGR-W10"
54,2123.1930350000002,1955.0,1632.899451,E07,24.913,1111.747667,123.2653665,3331,E07,6325,34.95016667,0.09765625,"pMOD6-pGRR-W10-yeGFP, pMOD-dcas9-mxi1,pMOD-HOKan-pACT1-ZEV4,pMOD-LTR1-NatMX-pGRR-W8-RGR-W10,pMOD8-pGALZ4-URGR-W8"
55,2025.386391,1964.0,859.6392865,E08,27.779,1112.578333,110.47455049999999,3336,E08,6325,35.78083333,0.048828125,"pMOD6-pGRR-W10-yeGFP, pMOD-dcas9-mxi1,pMOD-HOKan-pACT1-ZEV4,pMOD-LTR1-NatMX-pGRR-W8-RGR-W10,pMOD8-pGALZ4-URGR-W8"
56,2036.892284,1958.0,891.0242129000001,E09,27.272,1113.432833,110.1104503,3240,E09,6325,36.63533333,0.024414063,"pMOD6-pGRR-W10-yeGFP, pMOD-dcas9-mxi1,pMOD-HOKan-pACT1-ZEV4,pMOD-LTR1-NatMX-pGRR-W8-RGR-W10,pMOD8-pGALZ4-URGR-W8"
57,2005.8111379999998,1932.0,838.9223210000001,E10,26.114,1114.302333,117.48391000000001,3304,E10,6325,37.50483333,0.012207031,"pMOD6-pGRR-W10-yeGFP, pMOD-dcas9-mxi1,pMOD-HOKan-pACT1-ZEV4,pMOD-LTR1-NatMX-pGRR-W8-RGR-W10,pMOD8-pGALZ4-URGR-W8"
58,1970.962919,1922.0,758.2020847,E11,33.228,1115.1525,93.36656973,3371,E11,6325,38.355,0.006103516,"pMOD6-pGRR-W10-yeGFP, pMOD-dcas9-mxi1,pMOD-HOKan-pACT1-ZEV4,pMOD-LTR1-NatMX-pGRR-W8-RGR-W10,pMOD8-pGALZ4-URGR-W8"
59,1997.4807629999998,1922.0,825.0932982999999,E12,35.969,1116.115833,78.96349247,3093,E12,6325,39.31833333,0.0,"pMOD6-pGRR-W10-yeGFP, pMOD-dcas9-mxi1,pMOD-HOKan-pACT1-ZEV4,pMOD-LTR1-NatMX-pGRR-W8-RGR-W10,pMOD8-pGALZ4-URGR-W8"
60,13658.25016,13297.5,4769.909034,F01,26.68,1117.1473330000001,110.90637279999999,3190,F01,6326,40.34983333,0.09765625,"pMOD6-pGRR-W10-yeGFP, pMOD4-dcas9-mxi1,pMOD-HOKan-pACT1-ZEV4,pMOD8-pGALZ4-URGR-W5,pMOD-LTR1-NatMX-pGRR-W8-RGR-W10,pMOD6-pGRR-W5-RGR-W8"
61,13693.7278,13425.0,4604.909015,F02,28.463,1118.009167,100.3838397,3086,F02,6326,41.21166667,0.048828125,"pMOD6-pGRR-W10-yeGFP, pMOD4-dcas9-mxi1,pMOD-HOKan-pACT1-ZEV4,pMOD8-pGALZ4-URGR-W5,pMOD-LTR1-NatMX-pGRR-W8-RGR-W10,pMOD6-pGRR-W5-RGR-W8"
62,13655.66278,13350.0,4813.475034,F03,32.174,1118.890333,91.2174788,3173,F03,6326,42.09283333,0.024414063,"pMOD6-pGRR-W10-yeGFP, pMOD4-dcas9-mxi1,pMOD-HOKan-pACT1-ZEV4,pMOD8-pGALZ4-URGR-W5,pMOD-LTR1-NatMX-pGRR-W8-RGR-W10,pMOD6-pGRR-W5-RGR-W8"
63,13691.27156,13394.0,4658.432868,F04,34.676,1119.839167,85.03853309,3200,F04,6326,43.04166667,0.012207031,"pMOD6-pGRR-W10-yeGFP, pMOD4-dcas9-mxi1,pMOD-HOKan-pACT1-ZEV4,pMOD8-pGALZ4-URGR-W5,pMOD-LTR1-NatMX-pGRR-W8-RGR-W10,pMOD6-pGRR-W5-RGR-W8"
64,13790.21935,13415.0,4814.313021,F05,28.049,1120.835333,102.26635440000001,3100,F05,6326,44.03783333,0.006103516,"pMOD6-pGRR-W10-yeGFP, pMOD4-dcas9-mxi1,pMOD-HOKan-pACT1-ZEV4,pMOD8-pGALZ4-URGR-W5,pMOD-LTR1-NatMX-pGRR-W8-RGR-W10,pMOD6-pGRR-W5-RGR-W8"
65,13743.15121,13395.0,4767.364054,F06,25.555999999999997,1121.714,110.62538390000002,3062,F06,6326,44.9165,0.0,"pMOD6-pGRR-W10-yeGFP, pMOD4-dcas9-mxi1,pMOD-HOKan-pACT1-ZEV4,pMOD8-pGALZ4-URGR-W5,pMOD-LTR1-NatMX-pGRR-W8-RGR-W10,pMOD6-pGRR-W5-RGR-W8"
66,2969.426797,2493.0,2447.670763,F07,43.033,1122.539167,63.92341211,2978,F07,6327,45.74166667,0.09765625,"pMOD6-pGRR-W10-yeGFP, pMOD4-dcas9-mxi1,pMOD-HOKan-pACT1-ZEV4,pMOD-LTR1-NatMX-pGRR-W8-RGR-W10,pMOD6-pGRR-W5-RGR-W8, pMOD-HOKan-pGRR-W17-RGR-W5,pMOD8-pGALZ4-URGR-W17"
67,2618.684317,2469.0,1319.340839,F08,37.531,1123.649333,74.03615661,2965,F08,6327,46.85183333,0.048828125,"pMOD6-pGRR-W10-yeGFP, pMOD4-dcas9-mxi1,pMOD-HOKan-pACT1-ZEV4,pMOD-LTR1-NatMX-pGRR-W8-RGR-W10,pMOD6-pGRR-W5-RGR-W8, pMOD-HOKan-pGRR-W17-RGR-W5,pMOD8-pGALZ4-URGR-W17"
68,2647.932776,2455.5,1433.950208,F09,45.406000000000006,1124.674,50.94328153,2514,F09,6327,47.8765,0.024414063,"pMOD6-pGRR-W10-yeGFP, pMOD4-dcas9-mxi1,pMOD-HOKan-pACT1-ZEV4,pMOD-LTR1-NatMX-pGRR-W8-RGR-W10,pMOD6-pGRR-W5-RGR-W8, pMOD-HOKan-pGRR-W17-RGR-W5,pMOD8-pGALZ4-URGR-W17"
69,2578.396007,2424.0,1069.7408990000001,F10,39.83,1125.816167,55.82648275,2404,F10,6327,49.01866667,0.012207031,"pMOD6-pGRR-W10-yeGFP, pMOD4-dcas9-mxi1,pMOD-HOKan-pACT1-ZEV4,pMOD-LTR1-NatMX-pGRR-W8-RGR-W10,pMOD6-pGRR-W5-RGR-W8, pMOD-HOKan-pGRR-W17-RGR-W5,pMOD8-pGALZ4-URGR-W17"
70,2499.949735,2365.5,1194.648577,F11,41.31,1126.865333,34.03029416,1512,F11,6327,50.06783333,0.006103516,"pMOD6-pGRR-W10-yeGFP, pMOD4-dcas9-mxi1,pMOD-HOKan-pACT1-ZEV4,pMOD-LTR1-NatMX-pGRR-W8-RGR-W10,pMOD6-pGRR-W5-RGR-W8, pMOD-HOKan-pGRR-W17-RGR-W5,pMOD8-pGALZ4-URGR-W17"
71,2600.291009,2464.0,1278.62105,F12,38.253,1127.943667,31.59888357,1268,F12,6327,51.14616667,0.0,"pMOD6-pGRR-W10-yeGFP, pMOD4-dcas9-mxi1,pMOD-HOKan-pACT1-ZEV4,pMOD-LTR1-NatMX-pGRR-W8-RGR-W10,pMOD6-pGRR-W5-RGR-W8, pMOD-HOKan-pGRR-W17-RGR-W5,pMOD8-pGALZ4-URGR-W17"
0,19610.59863,19421.5,4588.182312,A01,8.392999999999999,1041.454,488.47926270000005,2332,A01,6059,0.0,0.0,"pMOD6-pGRR-W10-yeGFP, pMOD-dcas9-mxi1,pMOD-HOKan-pACT1-ZEV4,pMOD8-pGALZ4-URGR-W10"
1,2000.691614,1934.0,799.1747278,B01,10.202,1048.3385,440.227704,2552,B01,6325,6.8845,0.0,"pMOD6-pGRR-W10-yeGFP, pMOD-dcas9-mxi1,pMOD-HOKan-pACT1-ZEV4,pMOD-LTR1-NatMX-pGRR-W8-RGR-W10,pMOD8-pGALZ4-URGR-W8"
2,15179.83166,14777.5,5206.6412310000005,C01,14.321,1056.1995,313.8633059,2590,C01,6326,14.7455,0.0,"pMOD6-pGRR-W10-yeGFP, pMOD4-dcas9-mxi1,pMOD-HOKan-pACT1-ZEV4,pMOD8-pGALZ4-URGR-W5,pMOD-LTR1-NatMX-pGRR-W8-RGR-W10,pMOD6-pGRR-W5-RGR-W8"
3,2798.998414,2572.5,1494.2184,D01,21.388,1064.969167,205.961617,2522,D01,6327,23.51516667,0.0,"pMOD6-pGRR-W10-yeGFP, pMOD4-dcas9-mxi1,pMOD-HOKan-pACT1-ZEV4,pMOD-LTR1-NatMX-pGRR-W8-RGR-W10,pMOD6-pGRR-W5-RGR-W8, pMOD-HOKan-pGRR-W17-RGR-W5,pMOD8-pGALZ4-URGR-W17"
4,20416.40056,20296.0,4799.620592,A11,10.482999999999999,1047.145333,416.15010889999996,2484,A11,6059,5.691333332999999,0.006,"pMOD6-pGRR-W10-yeGFP, pMOD-dcas9-mxi1,pMOD-HOKan-pACT1-ZEV4,pMOD8-pGALZ4-URGR-W10"
5,2078.194266,1985.0,1270.320158,B11,16.660999999999998,1054.825,282.3516881,2651,B11,6325,13.370999999999999,0.006,"pMOD6-pGRR-W10-yeGFP, pMOD-dcas9-mxi1,pMOD-HOKan-pACT1-ZEV4,pMOD-LTR1-NatMX-pGRR-W8-RGR-W10,pMOD8-pGALZ4-URGR-W8"
6,15541.90476,15277.0,5298.567483,C11,22.121,1063.458167,211.9357915,2667,C11,6326,22.00416667,0.006,"pMOD6-pGRR-W10-yeGFP, pMOD4-dcas9-mxi1,pMOD-HOKan-pACT1-ZEV4,pMOD8-pGALZ4-URGR-W5,pMOD-LTR1-NatMX-pGRR-W8-RGR-W10,pMOD6-pGRR-W5-RGR-W8"
7,2771.799688,2571.0,1349.638733,D11,40.938,1073.603167,109.6506251,2561,D11,6327,32.14916667,0.006,"pMOD6-pGRR-W10-yeGFP, pMOD4-dcas9-mxi1,pMOD-HOKan-pACT1-ZEV4,pMOD-LTR1-NatMX-pGRR-W8-RGR-W10,pMOD6-pGRR-W5-RGR-W8, pMOD-HOKan-pGRR-W17-RGR-W5,pMOD8-pGALZ4-URGR-W17"
8,20897.45455,20787.0,5048.506711,A12,9.922,1047.7269999999999,426.72413789999996,2376,A12,6059,6.273,0.012,"pMOD6-pGRR-W10-yeGFP, pMOD-dcas9-mxi1,pMOD-HOKan-pACT1-ZEV4,pMOD8-pGALZ4-URGR-W10"
9,2071.048869,2007.0,899.4668017000001,B12,14.102,1055.51,308.8051883,2476,B12,6325,14.056,0.012,"pMOD6-pGRR-W10-yeGFP, pMOD-dcas9-mxi1,pMOD-HOKan-pACT1-ZEV4,pMOD-LTR1-NatMX-pGRR-W8-RGR-W10,pMOD8-pGALZ4-URGR-W8"
10,15655.920909999999,15271.0,5344.952901,C12,17.753,1064.231167,243.4739454,2453,C12,6326,22.77716667,0.012,"pMOD6-pGRR-W10-yeGFP, pMOD4-dcas9-mxi1,pMOD-HOKan-pACT1-ZEV4,pMOD8-pGALZ4-URGR-W5,pMOD-LTR1-NatMX-pGRR-W8-RGR-W10,pMOD6-pGRR-W5-RGR-W8"
11,2821.6648579999996,2637.0,1434.608913,D12,31.03,1074.6989999999998,124.3811881,2211,D12,6327,33.245,0.012,"pMOD6-pGRR-W10-yeGFP, pMOD4-dcas9-mxi1,pMOD-HOKan-pACT1-ZEV4,pMOD-LTR1-NatMX-pGRR-W8-RGR-W10,pMOD6-pGRR-W5-RGR-W8, pMOD-HOKan-pGRR-W17-RGR-W5,pMOD8-pGALZ4-URGR-W17"
12,20674.34383,20556.0,5060.320418,E01,18.284000000000002,1075.649167,265.264977,2763,E01,6059,34.19516667,0.024,"pMOD6-pGRR-W10-yeGFP, pMOD-dcas9-mxi1,pMOD-HOKan-pACT1-ZEV4,pMOD8-pGALZ4-URGR-W10"
13,2052.954699,1975.0,1018.283599,E07,33.4,1081.010667,140.38683909999997,2671,E07,6325,39.55666667,0.024,"pMOD6-pGRR-W10-yeGFP, pMOD-dcas9-mxi1,pMOD-HOKan-pACT1-ZEV4,pMOD-LTR1-NatMX-pGRR-W8-RGR-W10,pMOD8-pGALZ4-URGR-W8"
14,14485.50885,14089.0,4940.194309,F01,30.619,1087.235167,113.49024109999999,1977,F01,6326,45.78116667,0.024,"pMOD6-pGRR-W10-yeGFP, pMOD4-dcas9-mxi1,pMOD-HOKan-pACT1-ZEV4,pMOD8-pGALZ4-URGR-W5,pMOD-LTR1-NatMX-pGRR-W8-RGR-W10,pMOD6-pGRR-W5-RGR-W8"
15,2751.9283370000003,2569.0,1530.6173900000001,F07,25.659000000000002,1092.398333,124.9145825,1828,F07,6327,50.94433333,0.024,"pMOD6-pGRR-W10-yeGFP, pMOD4-dcas9-mxi1,pMOD-HOKan-pACT1-ZEV4,pMOD-LTR1-NatMX-pGRR-W8-RGR-W10,pMOD6-pGRR-W5-RGR-W8, pMOD-HOKan-pGRR-W17-RGR-W5,pMOD8-pGALZ4-URGR-W17"
16,20163.12895,19951.0,4981.908992000001,E02,30.825,1076.366333,155.9773371,2753,E02,6059,34.91233333,0.049,"pMOD6-pGRR-W10-yeGFP, pMOD-dcas9-mxi1,pMOD-HOKan-pACT1-ZEV4,pMOD8-pGALZ4-URGR-W10"
17,2043.1368539999999,1975.0,1105.667481,E08,33.635999999999996,1081.979,136.4042699,2594,E08,6325,40.525,0.049,"pMOD6-pGRR-W10-yeGFP, pMOD-dcas9-mxi1,pMOD-HOKan-pACT1-ZEV4,pMOD-LTR1-NatMX-pGRR-W8-RGR-W10,pMOD8-pGALZ4-URGR-W8"
18,14368.66839,13919.5,4888.6716670000005,F02,28.846,1088.153,117.276472,1936,F02,6326,46.699,0.049,"pMOD6-pGRR-W10-yeGFP, pMOD4-dcas9-mxi1,pMOD-HOKan-pACT1-ZEV4,pMOD8-pGALZ4-URGR-W5,pMOD-LTR1-NatMX-pGRR-W8-RGR-W10,pMOD6-pGRR-W5-RGR-W8"
19,2780.196674,2623.0,1357.763667,F08,28.875999999999998,1093.23,106.347948,1744,F08,6327,51.776,0.049,"pMOD6-pGRR-W10-yeGFP, pMOD4-dcas9-mxi1,pMOD-HOKan-pACT1-ZEV4,pMOD-LTR1-NatMX-pGRR-W8-RGR-W10,pMOD6-pGRR-W5-RGR-W8, pMOD-HOKan-pGRR-W17-RGR-W5,pMOD8-pGALZ4-URGR-W17"
20,19780.90269,19569.0,4896.836319,E03,31.013,1077.2925,160.1314597,2826,E03,6059,35.8385,0.098,"pMOD6-pGRR-W10-yeGFP, pMOD-dcas9-mxi1,pMOD-HOKan-pACT1-ZEV4,pMOD8-pGALZ4-URGR-W10"
21,2047.379802,2006.0,841.733176,E09,44.586999999999996,1082.963833,99.62517262,2525,E09,6325,41.50983333,0.098,"pMOD6-pGRR-W10-yeGFP, pMOD-dcas9-mxi1,pMOD-HOKan-pACT1-ZEV4,pMOD-LTR1-NatMX-pGRR-W8-RGR-W10,pMOD8-pGALZ4-URGR-W8"
22,14268.75905,13711.0,4848.620870000001,F03,24.039,1089.049167,151.03558930000003,2071,F03,6326,47.59516667,0.098,"pMOD6-pGRR-W10-yeGFP, pMOD4-dcas9-mxi1,pMOD-HOKan-pACT1-ZEV4,pMOD8-pGALZ4-URGR-W5,pMOD-LTR1-NatMX-pGRR-W8-RGR-W10,pMOD6-pGRR-W5-RGR-W8"
23,2770.3619989999997,2597.0,1482.064055,F09,27.941999999999997,1094.116167,108.69016040000001,1721,F09,6327,52.66216667,0.098,"pMOD6-pGRR-W10-yeGFP, pMOD4-dcas9-mxi1,pMOD-HOKan-pACT1-ZEV4,pMOD-LTR1-NatMX-pGRR-W8-RGR-W10,pMOD6-pGRR-W5-RGR-W8, pMOD-HOKan-pGRR-W17-RGR-W5,pMOD8-pGALZ4-URGR-W17"
24,19818.90349,19566.0,4957.832401,E04,26.116,1078.222333,206.4068914,3067,E04,6059,36.76833333,0.195,"pMOD6-pGRR-W10-yeGFP, pMOD-dcas9-mxi1,pMOD-HOKan-pACT1-ZEV4,pMOD8-pGALZ4-URGR-W10"
25,2097.918864,2036.0,948.8962479,E10,41.262,1084.105167,105.08590190000001,2465,E10,6325,42.65116667,0.195,"pMOD6-pGRR-W10-yeGFP, pMOD-dcas9-mxi1,pMOD-HOKan-pACT1-ZEV4,pMOD-LTR1-NatMX-pGRR-W8-RGR-W10,pMOD8-pGALZ4-URGR-W8"
26,13946.91515,13365.0,4726.748272999999,F04,24.135,1089.841167,149.0112475,2027,F04,6326,48.38716667,0.195,"pMOD6-pGRR-W10-yeGFP, pMOD4-dcas9-mxi1,pMOD-HOKan-pACT1-ZEV4,pMOD8-pGALZ4-URGR-W5,pMOD-LTR1-NatMX-pGRR-W8-RGR-W10,pMOD6-pGRR-W5-RGR-W8"
27,2800.40119,2664.5,1143.599696,F10,24.561,1094.988,121.46627140000001,1680,F10,6327,53.534,0.195,"pMOD6-pGRR-W10-yeGFP, pMOD4-dcas9-mxi1,pMOD-HOKan-pACT1-ZEV4,pMOD-LTR1-NatMX-pGRR-W8-RGR-W10,pMOD6-pGRR-W5-RGR-W8, pMOD-HOKan-pGRR-W17-RGR-W5,pMOD8-pGALZ4-URGR-W17"
28,18465.0688,18284.5,5101.849644,E05,32.043,1079.0539999999999,151.3136379,2776,E05,6059,37.6,0.391,"pMOD6-pGRR-W10-yeGFP, pMOD-dcas9-mxi1,pMOD-HOKan-pACT1-ZEV4,pMOD8-pGALZ4-URGR-W10"
29,2153.07376,2091.0,966.0136702,E11,45.04,1085.1985,91.78274064,2359,E11,6325,43.7445,0.391,"pMOD6-pGRR-W10-yeGFP, pMOD-dcas9-mxi1,pMOD-HOKan-pACT1-ZEV4,pMOD-LTR1-NatMX-pGRR-W8-RGR-W10,pMOD8-pGALZ4-URGR-W8"
30,13845.774309999999,13368.5,4684.020302,F05,28.519000000000002,1090.653333,116.1876689,1892,F05,6326,49.19933333,0.391,"pMOD6-pGRR-W10-yeGFP, pMOD4-dcas9-mxi1,pMOD-HOKan-pACT1-ZEV4,pMOD8-pGALZ4-URGR-W5,pMOD-LTR1-NatMX-pGRR-W8-RGR-W10,pMOD6-pGRR-W5-RGR-W8"
31,2928.019895,2783.0,1225.557842,F11,35.814,1095.811667,83.85260782,1709,F11,6327,54.35766667,0.391,"pMOD6-pGRR-W10-yeGFP, pMOD4-dcas9-mxi1,pMOD-HOKan-pACT1-ZEV4,pMOD-LTR1-NatMX-pGRR-W8-RGR-W10,pMOD6-pGRR-W5-RGR-W8, pMOD-HOKan-pGRR-W17-RGR-W5,pMOD8-pGALZ4-URGR-W17"
32,15872.621119999998,15607.0,5149.47593,E06,35.443000000000005,1079.996833,138.30364630000003,2803,E06,6059,38.54283333,0.7809999999999999,"pMOD6-pGRR-W10-yeGFP, pMOD-dcas9-mxi1,pMOD-HOKan-pACT1-ZEV4,pMOD8-pGALZ4-URGR-W10"
33,2261.14905,2185.0,783.0576423,E12,27.146,1086.3535,133.06111869999998,2053,E12,6325,44.8995,0.7809999999999999,"pMOD6-pGRR-W10-yeGFP, pMOD-dcas9-mxi1,pMOD-HOKan-pACT1-ZEV4,pMOD-LTR1-NatMX-pGRR-W8-RGR-W10,pMOD8-pGALZ4-URGR-W8"
34,13078.36141,12622.0,4618.218016,F06,26.941,1091.539833,125.5959767,1923,F06,6326,50.08583333,0.7809999999999999,"pMOD6-pGRR-W10-yeGFP, pMOD4-dcas9-mxi1,pMOD-HOKan-pACT1-ZEV4,pMOD8-pGALZ4-URGR-W5,pMOD-LTR1-NatMX-pGRR-W8-RGR-W10,pMOD6-pGRR-W5-RGR-W8"
35,3353.403624,3099.0,1560.640773,F12,62.199,1096.811333,51.60833215,1821,F12,6327,55.35733333,0.7809999999999999,"pMOD6-pGRR-W10-yeGFP, pMOD4-dcas9-mxi1,pMOD-HOKan-pACT1-ZEV4,pMOD-LTR1-NatMX-pGRR-W8-RGR-W10,pMOD6-pGRR-W5-RGR-W8, pMOD-HOKan-pGRR-W17-RGR-W5,pMOD8-pGALZ4-URGR-W17"
36,11162.887009999999,10646.0,4561.524046,A02,9.641,1042.003833,443.8952956,2425,A02,6059,0.5498333329999999,1.5630000000000002,"pMOD6-pGRR-W10-yeGFP, pMOD-dcas9-mxi1,pMOD-HOKan-pACT1-ZEV4,pMOD8-pGALZ4-URGR-W10"
37,2848.7632550000003,2664.0,1254.931933,B02,13.073,1048.912167,364.17270049999996,2716,B02,6325,7.458166667,1.5630000000000002,"pMOD6-pGRR-W10-yeGFP, pMOD-dcas9-mxi1,pMOD-HOKan-pACT1-ZEV4,pMOD-LTR1-NatMX-pGRR-W8-RGR-W10,pMOD8-pGALZ4-URGR-W8"
38,12129.6831,11417.0,4819.104025,C02,17.472,1056.83,294.6555578,2900,C02,6326,15.376,1.5630000000000002,"pMOD6-pGRR-W10-yeGFP, pMOD4-dcas9-mxi1,pMOD-HOKan-pACT1-ZEV4,pMOD8-pGALZ4-URGR-W5,pMOD-LTR1-NatMX-pGRR-W8-RGR-W10,pMOD6-pGRR-W5-RGR-W8"
39,4318.120839,3830.0,2266.379218,D02,26.846999999999998,1065.737667,181.8301428,2764,D02,6327,24.28366667,1.5630000000000002,"pMOD6-pGRR-W10-yeGFP, pMOD4-dcas9-mxi1,pMOD-HOKan-pACT1-ZEV4,pMOD-LTR1-NatMX-pGRR-W8-RGR-W10,pMOD6-pGRR-W5-RGR-W8, pMOD-HOKan-pGRR-W17-RGR-W5,pMOD8-pGALZ4-URGR-W17"
40,5177.189316,3802.0,3833.167163,A03,9.392000000000001,1042.572333,446.9060351,2340,A03,6059,1.118333333,3.125,"pMOD6-pGRR-W10-yeGFP, pMOD-dcas9-mxi1,pMOD-HOKan-pACT1-ZEV4,pMOD8-pGALZ4-URGR-W10"
41,4205.7649280000005,3865.0,1912.694538,B03,11.762,1049.535833,397.89473680000003,2646,B03,6325,8.081833332999999,3.125,"pMOD6-pGRR-W10-yeGFP, pMOD-dcas9-mxi1,pMOD-HOKan-pACT1-ZEV4,pMOD-LTR1-NatMX-pGRR-W8-RGR-W10,pMOD8-pGALZ4-URGR-W8"
42,7388.866525,6734.0,3479.4104810000003,C03,20.857,1057.532,237.92321260000003,2832,C03,6326,16.078,3.125,"pMOD6-pGRR-W10-yeGFP, pMOD4-dcas9-mxi1,pMOD-HOKan-pACT1-ZEV4,pMOD8-pGALZ4-URGR-W5,pMOD-LTR1-NatMX-pGRR-W8-RGR-W10,pMOD6-pGRR-W5-RGR-W8"
43,6815.784801000001,6130.0,3331.801303,D03,29.749000000000002,1066.595,164.765081,2816,D03,6327,25.141,3.125,"pMOD6-pGRR-W10-yeGFP, pMOD4-dcas9-mxi1,pMOD-HOKan-pACT1-ZEV4,pMOD-LTR1-NatMX-pGRR-W8-RGR-W10,pMOD6-pGRR-W5-RGR-W8, pMOD-HOKan-pGRR-W17-RGR-W5,pMOD8-pGALZ4-URGR-W17"
44,3795.719811,3477.0,2023.7349780000002,A04,10.171,1043.132167,436.3698984,2534,A04,6059,1.678166667,6.25,"pMOD6-pGRR-W10-yeGFP, pMOD-dcas9-mxi1,pMOD-HOKan-pACT1-ZEV4,pMOD8-pGALZ4-URGR-W10"
45,6968.507562000001,6421.0,2946.061625,B04,14.072000000000001,1050.130333,359.6003036,2843,B04,6325,8.676333332999999,6.25,"pMOD6-pGRR-W10-yeGFP, pMOD-dcas9-mxi1,pMOD-HOKan-pACT1-ZEV4,pMOD-LTR1-NatMX-pGRR-W8-RGR-W10,pMOD8-pGALZ4-URGR-W8"
46,6548.791117,6001.0,2960.5827280000003,C04,17.691,1058.276667,283.1597563,2882,C04,6326,16.82266667,6.25,"pMOD6-pGRR-W10-yeGFP, pMOD4-dcas9-mxi1,pMOD-HOKan-pACT1-ZEV4,pMOD8-pGALZ4-URGR-W5,pMOD-LTR1-NatMX-pGRR-W8-RGR-W10,pMOD6-pGRR-W5-RGR-W8"
47,7781.025269,7046.0,3665.8804020000002,D04,26.316999999999997,1067.491333,179.7235023,2691,D04,6327,26.03733333,6.25,"pMOD6-pGRR-W10-yeGFP, pMOD4-dcas9-mxi1,pMOD-HOKan-pACT1-ZEV4,pMOD-LTR1-NatMX-pGRR-W8-RGR-W10,pMOD6-pGRR-W5-RGR-W8, pMOD-HOKan-pGRR-W17-RGR-W5,pMOD8-pGALZ4-URGR-W17"
48,2980.4068,2777.0,1644.5189380000002,A05,10.732999999999999,1043.699167,406.6363045,2500,A05,6059,2.245166667,12.5,"pMOD6-pGRR-W10-yeGFP, pMOD-dcas9-mxi1,pMOD-HOKan-pACT1-ZEV4,pMOD8-pGALZ4-URGR-W10"
49,9117.961328,8423.0,3894.022421,B05,11.981,1050.778333,424.77104230000003,2922,B05,6325,9.324333333,12.5,"pMOD6-pGRR-W10-yeGFP, pMOD-dcas9-mxi1,pMOD-HOKan-pACT1-ZEV4,pMOD-LTR1-NatMX-pGRR-W8-RGR-W10,pMOD8-pGALZ4-URGR-W8"
50,5019.509019,4487.0,2530.598626,C05,19.000999999999998,1058.974833,280.5742155,3049,C05,6326,17.52083333,12.5,"pMOD6-pGRR-W10-yeGFP, pMOD4-dcas9-mxi1,pMOD-HOKan-pACT1-ZEV4,pMOD8-pGALZ4-URGR-W5,pMOD-LTR1-NatMX-pGRR-W8-RGR-W10,pMOD6-pGRR-W5-RGR-W8"
51,8642.102095999999,7856.5,4015.0217009999997,D05,24.241999999999997,1068.336167,213.9137981,2958,D05,6327,26.88216667,12.5,"pMOD6-pGRR-W10-yeGFP, pMOD4-dcas9-mxi1,pMOD-HOKan-pACT1-ZEV4,pMOD-LTR1-NatMX-pGRR-W8-RGR-W10,pMOD6-pGRR-W5-RGR-W8, pMOD-HOKan-pGRR-W17-RGR-W5,pMOD8-pGALZ4-URGR-W17"
52,2705.3685649999998,2539.0,1579.750105,A06,10.202,1044.273833,450.93211399999996,2564,A06,6059,2.819833333,25.0,"pMOD6-pGRR-W10-yeGFP, pMOD-dcas9-mxi1,pMOD-HOKan-pACT1-ZEV4,pMOD8-pGALZ4-URGR-W10"
53,10345.7512,9857.0,4179.77359,B06,14.571,1051.3905,347.9818486,2914,B06,6325,9.9365,25.0,"pMOD6-pGRR-W10-yeGFP, pMOD-dcas9-mxi1,pMOD-HOKan-pACT1-ZEV4,pMOD-LTR1-NatMX-pGRR-W8-RGR-W10,pMOD8-pGALZ4-URGR-W8"
54,4460.6022920000005,4086.0,2134.2096070000002,C06,19.547,1059.701667,256.9847362,2879,C06,6326,18.24766667,25.0,"pMOD6-pGRR-W10-yeGFP, pMOD4-dcas9-mxi1,pMOD-HOKan-pACT1-ZEV4,pMOD8-pGALZ4-URGR-W5,pMOD-LTR1-NatMX-pGRR-W8-RGR-W10,pMOD6-pGRR-W5-RGR-W8"
55,9566.816961,8896.0,4084.06912,D06,28.656999999999996,1069.146333,173.8329238,2830,D06,6327,27.69233333,25.0,"pMOD6-pGRR-W10-yeGFP, pMOD4-dcas9-mxi1,pMOD-HOKan-pACT1-ZEV4,pMOD-LTR1-NatMX-pGRR-W8-RGR-W10,pMOD6-pGRR-W5-RGR-W8, pMOD-HOKan-pGRR-W17-RGR-W5,pMOD8-pGALZ4-URGR-W17"
56,2586.3121530000003,2389.0,1574.3832830000001,A07,10.732999999999999,1044.907333,409.6973641,2518,A07,6059,3.4533333330000002,37.5,"pMOD6-pGRR-W10-yeGFP, pMOD-dcas9-mxi1,pMOD-HOKan-pACT1-ZEV4,pMOD8-pGALZ4-URGR-W10"
57,10944.290840000001,10405.5,4446.845845000001,B07,13.790999999999999,1052.096667,345.39473680000003,2730,B07,6325,10.64266667,37.5,"pMOD6-pGRR-W10-yeGFP, pMOD-dcas9-mxi1,pMOD-HOKan-pACT1-ZEV4,pMOD-LTR1-NatMX-pGRR-W8-RGR-W10,pMOD8-pGALZ4-URGR-W8"
58,4409.730038000001,3932.0,2261.5441809999998,C07,21.903000000000002,1060.48,231.79232430000002,2893,C07,6326,19.026,37.5,"pMOD6-pGRR-W10-yeGFP, pMOD4-dcas9-mxi1,pMOD-HOKan-pACT1-ZEV4,pMOD8-pGALZ4-URGR-W5,pMOD-LTR1-NatMX-pGRR-W8-RGR-W10,pMOD6-pGRR-W5-RGR-W8"
59,9759.738467000001,9024.0,4346.061031,D07,29.485,1070.0710000000001,155.695376,2623,D07,6327,28.616999999999997,37.5,"pMOD6-pGRR-W10-yeGFP, pMOD4-dcas9-mxi1,pMOD-HOKan-pACT1-ZEV4,pMOD-LTR1-NatMX-pGRR-W8-RGR-W10,pMOD6-pGRR-W5-RGR-W8, pMOD-HOKan-pGRR-W17-RGR-W5,pMOD8-pGALZ4-URGR-W17"
60,2652.008377,2429.0,1818.0730879999999,A08,10.452,1045.472167,420.07372649999996,2507,A08,6059,4.018166667,50.0,"pMOD6-pGRR-W10-yeGFP, pMOD-dcas9-mxi1,pMOD-HOKan-pACT1-ZEV4,pMOD8-pGALZ4-URGR-W10"
61,11239.22142,10582.0,4491.495568,B08,18.814,1052.737,272.77850839999996,2904,B08,6325,11.283,50.0,"pMOD6-pGRR-W10-yeGFP, pMOD-dcas9-mxi1,pMOD-HOKan-pACT1-ZEV4,pMOD-LTR1-NatMX-pGRR-W8-RGR-W10,pMOD8-pGALZ4-URGR-W8"
62,4219.09069,3837.0,2078.909062,C08,22.416999999999998,1061.241167,227.2443404,2911,C08,6326,19.78716667,50.0,"pMOD6-pGRR-W10-yeGFP, pMOD4-dcas9-mxi1,pMOD-HOKan-pACT1-ZEV4,pMOD8-pGALZ4-URGR-W5,pMOD-LTR1-NatMX-pGRR-W8-RGR-W10,pMOD6-pGRR-W5-RGR-W8"
63,9880.774399,9147.0,4339.751458,D08,29.189,1070.9745,159.16830969999998,2664,D08,6327,29.5205,50.0,"pMOD6-pGRR-W10-yeGFP, pMOD4-dcas9-mxi1,pMOD-HOKan-pACT1-ZEV4,pMOD-LTR1-NatMX-pGRR-W8-RGR-W10,pMOD6-pGRR-W5-RGR-W8, pMOD-HOKan-pGRR-W17-RGR-W5,pMOD8-pGALZ4-URGR-W17"
64,2415.9805690000003,2250.0,1636.8077970000002,A09,7.6129999999999995,1046.048667,661.194385,2779,A09,6059,4.594666667,75.0,"pMOD6-pGRR-W10-yeGFP, pMOD-dcas9-mxi1,pMOD-HOKan-pACT1-ZEV4,pMOD8-pGALZ4-URGR-W10"
65,11325.40691,10739.0,4498.978635,B09,17.222,1053.458667,288.2406749,2836,B09,6325,12.00466667,75.0,"pMOD6-pGRR-W10-yeGFP, pMOD-dcas9-mxi1,pMOD-HOKan-pACT1-ZEV4,pMOD-LTR1-NatMX-pGRR-W8-RGR-W10,pMOD8-pGALZ4-URGR-W8"
66,4063.8521920000003,3658.0,2043.142566,C09,22.963,1062.0165,223.80228140000003,2943,C09,6326,20.5625,75.0,"pMOD6-pGRR-W10-yeGFP, pMOD4-dcas9-mxi1,pMOD-HOKan-pACT1-ZEV4,pMOD8-pGALZ4-URGR-W5,pMOD-LTR1-NatMX-pGRR-W8-RGR-W10,pMOD6-pGRR-W5-RGR-W8"
67,9682.67177,8927.0,4341.060745000001,D09,22.199,1071.8755,212.86066290000002,2678,D09,6327,30.4215,75.0,"pMOD6-pGRR-W10-yeGFP, pMOD4-dcas9-mxi1,pMOD-HOKan-pACT1-ZEV4,pMOD-LTR1-NatMX-pGRR-W8-RGR-W10,pMOD6-pGRR-W5-RGR-W8, pMOD-HOKan-pGRR-W17-RGR-W5,pMOD8-pGALZ4-URGR-W17"
68,2521.93912,2374.0,1491.263501,A10,10.202,1046.569,439.49594339999993,2546,A10,6059,5.115,100.0,"pMOD6-pGRR-W10-yeGFP, pMOD-dcas9-mxi1,pMOD-HOKan-pACT1-ZEV4,pMOD8-pGALZ4-URGR-W10"
69,11879.073690000001,11415.5,4554.716901,B10,16.208,1054.151667,296.09426139999994,2714,B10,6325,12.69766667,100.0,"pMOD6-pGRR-W10-yeGFP, pMOD-dcas9-mxi1,pMOD-HOKan-pACT1-ZEV4,pMOD-LTR1-NatMX-pGRR-W8-RGR-W10,pMOD8-pGALZ4-URGR-W8"
70,4088.991337,3661.0,2227.840687,C10,14.337,1062.811333,349.9030068,2886,C10,6326,21.35733333,100.0,"pMOD6-pGRR-W10-yeGFP, pMOD4-dcas9-mxi1,pMOD-HOKan-pACT1-ZEV4,pMOD8-pGALZ4-URGR-W5,pMOD-LTR1-NatMX-pGRR-W8-RGR-W10,pMOD6-pGRR-W5-RGR-W8"
71,10155.90065,9425.0,4403.390033,D10,33.135,1072.6395,137.3856002,2597,D10,6327,31.1855,100.0,"pMOD6-pGRR-W10-yeGFP, pMOD4-dcas9-mxi1,pMOD-HOKan-pACT1-ZEV4,pMOD-LTR1-NatMX-pGRR-W8-RGR-W10,pMOD6-pGRR-W5-RGR-W8, pMOD-HOKan-pGRR-W17-RGR-W5,pMOD8-pGALZ4-URGR-W17"
0,15816.374459999999,15479.0,4561.758637,A01,3.156,496.5073333000001,0.0,2302,A01,6059,0.0,0.0,"pMOD6-pGRR-W10-yeGFP, pMOD-dcas9-mxi1,pMOD-HOKan-pACT1-ZEV4,pMOD8-pGALZ4-URGR-W10"
1,1872.6382579999997,1793.0,1157.54206,B01,5.038,504.04699999999997,0.0,2687,B01,6325,7.5396666670000005,0.0,"pMOD6-pGRR-W10-yeGFP, pMOD-dcas9-mxi1,pMOD-HOKan-pACT1-ZEV4,pMOD-LTR1-NatMX-pGRR-W8-RGR-W10,pMOD8-pGALZ4-URGR-W8"
2,13055.1732,12513.0,4589.38253,C01,7.79,512.3601666999999,0.0,2910,C01,6326,15.85283333,0.0,"pMOD6-pGRR-W10-yeGFP, pMOD4-dcas9-mxi1,pMOD-HOKan-pACT1-ZEV4,pMOD8-pGALZ4-URGR-W5,pMOD-LTR1-NatMX-pGRR-W8-RGR-W10,pMOD6-pGRR-W5-RGR-W8"
3,2502.611203,2353.0,1259.149253,D01,9.861,521.1565,0.0,3035,D01,6327,24.64916667,0.0,"pMOD6-pGRR-W10-yeGFP, pMOD4-dcas9-mxi1,pMOD-HOKan-pACT1-ZEV4,pMOD-LTR1-NatMX-pGRR-W8-RGR-W10,pMOD6-pGRR-W5-RGR-W8, pMOD-HOKan-pGRR-W17-RGR-W5,pMOD8-pGALZ4-URGR-W17"
4,18164.170309999998,17981.0,4825.8310950000005,A11,4.93,502.70216669999996,0.0061,2513,A11,6059,6.194833332999999,0.006,"pMOD6-pGRR-W10-yeGFP, pMOD-dcas9-mxi1,pMOD-HOKan-pACT1-ZEV4,pMOD8-pGALZ4-URGR-W10"
5,1953.153025,1833.0,1439.452951,B11,7.7860000000000005,510.89333330000005,0.0061,2810,B11,6325,14.386,0.006,"pMOD6-pGRR-W10-yeGFP, pMOD-dcas9-mxi1,pMOD-HOKan-pACT1-ZEV4,pMOD-LTR1-NatMX-pGRR-W8-RGR-W10,pMOD8-pGALZ4-URGR-W8"
6,12922.43114,12370.0,4528.796550999999,C11,10.052,519.5463333,0.0061,3115,C11,6326,23.039,0.006,"pMOD6-pGRR-W10-yeGFP, pMOD4-dcas9-mxi1,pMOD-HOKan-pACT1-ZEV4,pMOD8-pGALZ4-URGR-W5,pMOD-LTR1-NatMX-pGRR-W8-RGR-W10,pMOD6-pGRR-W5-RGR-W8"
7,2627.1520219999998,2461.0,1524.89788,D11,11.927,529.2276667,0.0061,2868,D11,6327,32.72033333,0.006,"pMOD6-pGRR-W10-yeGFP, pMOD4-dcas9-mxi1,pMOD-HOKan-pACT1-ZEV4,pMOD-LTR1-NatMX-pGRR-W8-RGR-W10,pMOD6-pGRR-W5-RGR-W8, pMOD-HOKan-pGRR-W17-RGR-W5,pMOD8-pGALZ4-URGR-W17"
8,18418.4602,18007.5,4852.485252,A12,6.0329999999999995,503.3405,0.0122,2588,A12,6059,6.833166667,0.012,"pMOD6-pGRR-W10-yeGFP, pMOD-dcas9-mxi1,pMOD-HOKan-pACT1-ZEV4,pMOD8-pGALZ4-URGR-W10"
9,1902.125512,1856.0,740.8271337,B12,7.815,511.6235,0.0122,2932,B12,6325,15.11616667,0.012,"pMOD6-pGRR-W10-yeGFP, pMOD-dcas9-mxi1,pMOD-HOKan-pACT1-ZEV4,pMOD-LTR1-NatMX-pGRR-W8-RGR-W10,pMOD8-pGALZ4-URGR-W8"
10,12698.813890000001,12133.0,4527.759816,C12,9.937000000000001,520.3078333000001,0.0122,3009,C12,6326,23.8005,0.012,"pMOD6-pGRR-W10-yeGFP, pMOD4-dcas9-mxi1,pMOD-HOKan-pACT1-ZEV4,pMOD8-pGALZ4-URGR-W5,pMOD-LTR1-NatMX-pGRR-W8-RGR-W10,pMOD6-pGRR-W5-RGR-W8"
11,2514.956143,2405.0,1177.84769,D12,10.505,530.0571666999999,0.0122,2873,D12,6327,33.54983333,0.012,"pMOD6-pGRR-W10-yeGFP, pMOD4-dcas9-mxi1,pMOD-HOKan-pACT1-ZEV4,pMOD-LTR1-NatMX-pGRR-W8-RGR-W10,pMOD6-pGRR-W5-RGR-W8, pMOD-HOKan-pGRR-W17-RGR-W5,pMOD8-pGALZ4-URGR-W17"
12,17503.190319999998,17361.0,5054.750723,E01,9.464,530.8723333,0.0244,3121,E01,6059,34.365,0.024,"pMOD6-pGRR-W10-yeGFP, pMOD-dcas9-mxi1,pMOD-HOKan-pACT1-ZEV4,pMOD8-pGALZ4-URGR-W10"
13,2100.538298,2014.0,1044.5810119999999,E07,12.898,535.694,0.0244,2820,E07,6325,39.18666667,0.024,"pMOD6-pGRR-W10-yeGFP, pMOD-dcas9-mxi1,pMOD-HOKan-pACT1-ZEV4,pMOD-LTR1-NatMX-pGRR-W8-RGR-W10,pMOD8-pGALZ4-URGR-W8"
14,12514.40713,11980.0,4405.645105,F01,11.84,540.7136667000001,0.0244,2638,F01,6326,44.20633333,0.024,"pMOD6-pGRR-W10-yeGFP, pMOD4-dcas9-mxi1,pMOD-HOKan-pACT1-ZEV4,pMOD8-pGALZ4-URGR-W5,pMOD-LTR1-NatMX-pGRR-W8-RGR-W10,pMOD6-pGRR-W5-RGR-W8"
15,2632.4419399999997,2522.0,1264.857418,F07,14.259,545.915,0.0244,2618,F07,6327,49.40766667,0.024,"pMOD6-pGRR-W10-yeGFP, pMOD4-dcas9-mxi1,pMOD-HOKan-pACT1-ZEV4,pMOD-LTR1-NatMX-pGRR-W8-RGR-W10,pMOD6-pGRR-W5-RGR-W8, pMOD-HOKan-pGRR-W17-RGR-W5,pMOD8-pGALZ4-URGR-W17"
16,18635.47779,18449.5,4727.935783,E02,10.775,531.6356666999999,0.0488,3062,E02,6059,35.12833333,0.049,"pMOD6-pGRR-W10-yeGFP, pMOD-dcas9-mxi1,pMOD-HOKan-pACT1-ZEV4,pMOD8-pGALZ4-URGR-W10"
17,2034.110394,1979.0,952.3215784,E08,11.130999999999998,536.5371667,0.0488,2790,E08,6325,40.02983333,0.049,"pMOD6-pGRR-W10-yeGFP, pMOD-dcas9-mxi1,pMOD-HOKan-pACT1-ZEV4,pMOD-LTR1-NatMX-pGRR-W8-RGR-W10,pMOD8-pGALZ4-URGR-W8"
18,12395.91726,11900.0,4194.455207,F02,10.994000000000002,541.5706667000001,0.0488,2236,F02,6326,45.06333333,0.049,"pMOD6-pGRR-W10-yeGFP, pMOD4-dcas9-mxi1,pMOD-HOKan-pACT1-ZEV4,pMOD8-pGALZ4-URGR-W5,pMOD-LTR1-NatMX-pGRR-W8-RGR-W10,pMOD6-pGRR-W5-RGR-W8"
19,2476.594502,2382.0,1026.888705,F08,12.033,546.8096667,0.0488,2328,F08,6327,50.30233333,0.049,"pMOD6-pGRR-W10-yeGFP, pMOD4-dcas9-mxi1,pMOD-HOKan-pACT1-ZEV4,pMOD-LTR1-NatMX-pGRR-W8-RGR-W10,pMOD6-pGRR-W5-RGR-W8, pMOD-HOKan-pGRR-W17-RGR-W5,pMOD8-pGALZ4-URGR-W17"
20,18394.6945,18219.0,4854.290255,E03,10.885,532.4408333,0.0977,3293,E03,6059,35.9335,0.098,"pMOD6-pGRR-W10-yeGFP, pMOD-dcas9-mxi1,pMOD-HOKan-pACT1-ZEV4,pMOD8-pGALZ4-URGR-W10"
21,2052.889451,1993.0,897.8027026000001,E09,9.881,537.3530000000001,0.0977,2768,E09,6325,40.84566667,0.098,"pMOD6-pGRR-W10-yeGFP, pMOD-dcas9-mxi1,pMOD-HOKan-pACT1-ZEV4,pMOD-LTR1-NatMX-pGRR-W8-RGR-W10,pMOD8-pGALZ4-URGR-W8"
22,11736.38531,11218.5,4089.2980820000002,F03,11.020999999999999,542.4183333,0.0977,2764,F03,6326,45.911,0.098,"pMOD6-pGRR-W10-yeGFP, pMOD4-dcas9-mxi1,pMOD-HOKan-pACT1-ZEV4,pMOD8-pGALZ4-URGR-W5,pMOD-LTR1-NatMX-pGRR-W8-RGR-W10,pMOD6-pGRR-W5-RGR-W8"
23,2546.30228,2466.0,1119.878479,F09,13.827,547.6966667,0.0977,2544,F09,6327,51.18933333,0.098,"pMOD6-pGRR-W10-yeGFP, pMOD4-dcas9-mxi1,pMOD-HOKan-pACT1-ZEV4,pMOD-LTR1-NatMX-pGRR-W8-RGR-W10,pMOD6-pGRR-W5-RGR-W8, pMOD-HOKan-pGRR-W17-RGR-W5,pMOD8-pGALZ4-URGR-W17"
24,18158.54806,17901.0,4873.602502000001,E04,10.693,533.2555,0.195,3173,E04,6059,36.74816667,0.195,"pMOD6-pGRR-W10-yeGFP, pMOD-dcas9-mxi1,pMOD-HOKan-pACT1-ZEV4,pMOD8-pGALZ4-URGR-W10"
25,2043.0786870000002,2000.0,844.8444440999999,E10,12.097000000000001,538.1453333,0.195,2834,E10,6325,41.638000000000005,0.195,"pMOD6-pGRR-W10-yeGFP, pMOD-dcas9-mxi1,pMOD-HOKan-pACT1-ZEV4,pMOD-LTR1-NatMX-pGRR-W8-RGR-W10,pMOD8-pGALZ4-URGR-W8"
26,11776.57771,11146.0,4148.9142679999995,F04,13.248,543.2433333,0.195,2728,F04,6326,46.736000000000004,0.195,"pMOD6-pGRR-W10-yeGFP, pMOD4-dcas9-mxi1,pMOD-HOKan-pACT1-ZEV4,pMOD8-pGALZ4-URGR-W5,pMOD-LTR1-NatMX-pGRR-W8-RGR-W10,pMOD6-pGRR-W5-RGR-W8"
27,2557.068872,2485.0,1036.162167,F10,12.732999999999999,548.615,0.195,2570,F10,6327,52.10766667,0.195,"pMOD6-pGRR-W10-yeGFP, pMOD4-dcas9-mxi1,pMOD-HOKan-pACT1-ZEV4,pMOD-LTR1-NatMX-pGRR-W8-RGR-W10,pMOD6-pGRR-W5-RGR-W8, pMOD-HOKan-pGRR-W17-RGR-W5,pMOD8-pGALZ4-URGR-W17"
28,16272.08375,16040.0,4882.764797,E05,10.645,534.054,0.391,2997,E05,6059,37.54666667,0.391,"pMOD6-pGRR-W10-yeGFP, pMOD-dcas9-mxi1,pMOD-HOKan-pACT1-ZEV4,pMOD8-pGALZ4-URGR-W10"
29,2077.419789,2027.0,743.569442,E11,11.647,538.9988333,0.391,2749,E11,6325,42.4915,0.391,"pMOD6-pGRR-W10-yeGFP, pMOD-dcas9-mxi1,pMOD-HOKan-pACT1-ZEV4,pMOD-LTR1-NatMX-pGRR-W8-RGR-W10,pMOD8-pGALZ4-URGR-W8"
30,12186.13724,11769.0,4229.829371,F05,11.675,544.1353333,0.391,2390,F05,6326,47.628,0.391,"pMOD6-pGRR-W10-yeGFP, pMOD4-dcas9-mxi1,pMOD-HOKan-pACT1-ZEV4,pMOD8-pGALZ4-URGR-W5,pMOD-LTR1-NatMX-pGRR-W8-RGR-W10,pMOD6-pGRR-W5-RGR-W8"
31,2557.509219,2484.0,1031.788149,F11,15.08,549.5061667,0.391,2549,F11,6327,52.99883333,0.391,"pMOD6-pGRR-W10-yeGFP, pMOD4-dcas9-mxi1,pMOD-HOKan-pACT1-ZEV4,pMOD-LTR1-NatMX-pGRR-W8-RGR-W10,pMOD6-pGRR-W5-RGR-W8, pMOD-HOKan-pGRR-W17-RGR-W5,pMOD8-pGALZ4-URGR-W17"
32,12234.75468,11621.5,4824.600936,E06,10.345,534.864,0.7809999999999999,2992,E06,6059,38.35666667,0.7809999999999999,"pMOD6-pGRR-W10-yeGFP, pMOD-dcas9-mxi1,pMOD-HOKan-pACT1-ZEV4,pMOD8-pGALZ4-URGR-W10"
33,2156.818807,2075.0,1152.7533740000001,E12,13.455,539.8285,0.7809999999999999,2765,E12,6325,43.32116667,0.7809999999999999,"pMOD6-pGRR-W10-yeGFP, pMOD-dcas9-mxi1,pMOD-HOKan-pACT1-ZEV4,pMOD-LTR1-NatMX-pGRR-W8-RGR-W10,pMOD8-pGALZ4-URGR-W8"
34,11086.33211,10464.0,3897.8202659999997,F06,14.707,544.9915,0.7809999999999999,2716,F06,6326,48.48416667,0.7809999999999999,"pMOD6-pGRR-W10-yeGFP, pMOD4-dcas9-mxi1,pMOD-HOKan-pACT1-ZEV4,pMOD8-pGALZ4-URGR-W5,pMOD-LTR1-NatMX-pGRR-W8-RGR-W10,pMOD6-pGRR-W5-RGR-W8"
35,2634.7153940000003,2534.0,1166.1928289999998,F12,15.107999999999999,550.4215,0.7809999999999999,2579,F12,6327,53.91416667,0.7809999999999999,"pMOD6-pGRR-W10-yeGFP, pMOD4-dcas9-mxi1,pMOD-HOKan-pACT1-ZEV4,pMOD-LTR1-NatMX-pGRR-W8-RGR-W10,pMOD6-pGRR-W5-RGR-W8, pMOD-HOKan-pGRR-W17-RGR-W5,pMOD8-pGALZ4-URGR-W17"
36,9274.510898,8469.0,4198.961316,A02,3.847,497.126,1.56,2294,A02,6059,0.6186666670000001,1.5630000000000002,"pMOD6-pGRR-W10-yeGFP, pMOD-dcas9-mxi1,pMOD-HOKan-pACT1-ZEV4,pMOD8-pGALZ4-URGR-W10"
37,2365.066023,2271.0,885.9861123,B02,5.303,504.68566669999996,1.56,2590,B02,6325,8.178333333,1.5630000000000002,"pMOD6-pGRR-W10-yeGFP, pMOD-dcas9-mxi1,pMOD-HOKan-pACT1-ZEV4,pMOD-LTR1-NatMX-pGRR-W8-RGR-W10,pMOD8-pGALZ4-URGR-W8"
38,11127.88594,10476.0,4171.038888,C02,7.983,513.0468333,1.56,2972,C02,6326,16.5395,1.5630000000000002,"pMOD6-pGRR-W10-yeGFP, pMOD4-dcas9-mxi1,pMOD-HOKan-pACT1-ZEV4,pMOD8-pGALZ4-URGR-W5,pMOD-LTR1-NatMX-pGRR-W8-RGR-W10,pMOD6-pGRR-W5-RGR-W8"
39,3059.667919,2840.0,1697.835585,D02,11.16,521.9295,1.56,3195,D02,6327,25.42216667,1.5630000000000002,"pMOD6-pGRR-W10-yeGFP, pMOD4-dcas9-mxi1,pMOD-HOKan-pACT1-ZEV4,pMOD-LTR1-NatMX-pGRR-W8-RGR-W10,pMOD6-pGRR-W5-RGR-W8, pMOD-HOKan-pGRR-W17-RGR-W5,pMOD8-pGALZ4-URGR-W17"
40,5251.324558,4680.0,2549.465855,A03,3.8510000000000004,497.7275,3.13,2431,A03,6059,1.220166667,3.125,"pMOD6-pGRR-W10-yeGFP, pMOD-dcas9-mxi1,pMOD-HOKan-pACT1-ZEV4,pMOD8-pGALZ4-URGR-W10"
41,3400.020111,3190.0,1478.059375,B03,5.972,505.329,3.13,2884,B03,6325,8.821666667,3.125,"pMOD6-pGRR-W10-yeGFP, pMOD-dcas9-mxi1,pMOD-HOKan-pACT1-ZEV4,pMOD-LTR1-NatMX-pGRR-W8-RGR-W10,pMOD8-pGALZ4-URGR-W8"
42,8956.445617,8245.0,3731.42366,C03,8.727,513.7485,3.13,3126,C03,6326,17.24116667,3.125,"pMOD6-pGRR-W10-yeGFP, pMOD4-dcas9-mxi1,pMOD-HOKan-pACT1-ZEV4,pMOD8-pGALZ4-URGR-W5,pMOD-LTR1-NatMX-pGRR-W8-RGR-W10,pMOD6-pGRR-W5-RGR-W8"
43,3962.8924490000004,3611.0,1885.684818,D03,11.024000000000001,522.7146667,3.13,3059,D03,6327,26.20733333,3.125,"pMOD6-pGRR-W10-yeGFP, pMOD4-dcas9-mxi1,pMOD-HOKan-pACT1-ZEV4,pMOD-LTR1-NatMX-pGRR-W8-RGR-W10,pMOD6-pGRR-W5-RGR-W8, pMOD-HOKan-pGRR-W17-RGR-W5,pMOD8-pGALZ4-URGR-W17"
44,3769.120374,3415.0,1925.683557,A04,5.6979999999999995,498.2958333000001,6.25,2351,A04,6059,1.7885,6.25,"pMOD6-pGRR-W10-yeGFP, pMOD-dcas9-mxi1,pMOD-HOKan-pACT1-ZEV4,pMOD8-pGALZ4-URGR-W10"
45,4780.312389,4458.0,1985.5954649999999,B04,10.478,505.9805,6.25,2817,B04,6325,9.473166667000001,6.25,"pMOD6-pGRR-W10-yeGFP, pMOD-dcas9-mxi1,pMOD-HOKan-pACT1-ZEV4,pMOD-LTR1-NatMX-pGRR-W8-RGR-W10,pMOD8-pGALZ4-URGR-W8"
46,7139.513889,6642.0,2984.631921,C04,7.085,514.4516666999999,6.25,3024,C04,6326,17.94433333,6.25,"pMOD6-pGRR-W10-yeGFP, pMOD4-dcas9-mxi1,pMOD-HOKan-pACT1-ZEV4,pMOD8-pGALZ4-URGR-W5,pMOD-LTR1-NatMX-pGRR-W8-RGR-W10,pMOD6-pGRR-W5-RGR-W8"
47,5372.066078,4928.0,2421.0816019999997,D04,11.887,523.4996666999999,6.25,2830,D04,6327,26.99233333,6.25,"pMOD6-pGRR-W10-yeGFP, pMOD4-dcas9-mxi1,pMOD-HOKan-pACT1-ZEV4,pMOD-LTR1-NatMX-pGRR-W8-RGR-W10,pMOD6-pGRR-W5-RGR-W8, pMOD-HOKan-pGRR-W17-RGR-W5,pMOD8-pGALZ4-URGR-W17"
48,2864.696616,2701.0,1254.6699859999999,A05,4.947,498.91900000000004,12.5,2482,A05,6059,2.411666667,12.5,"pMOD6-pGRR-W10-yeGFP, pMOD-dcas9-mxi1,pMOD-HOKan-pACT1-ZEV4,pMOD8-pGALZ4-URGR-W10"
49,6282.701838,5827.5,2610.075338,B05,5.89,506.68199999999996,12.5,2938,B05,6325,10.17466667,12.5,"pMOD6-pGRR-W10-yeGFP, pMOD-dcas9-mxi1,pMOD-HOKan-pACT1-ZEV4,pMOD-LTR1-NatMX-pGRR-W8-RGR-W10,pMOD8-pGALZ4-URGR-W8"
50,5641.348101,5155.5,2515.62181,C05,8.772,515.1631666999999,12.5,3002,C05,6326,18.65583333,12.5,"pMOD6-pGRR-W10-yeGFP, pMOD4-dcas9-mxi1,pMOD-HOKan-pACT1-ZEV4,pMOD8-pGALZ4-URGR-W5,pMOD-LTR1-NatMX-pGRR-W8-RGR-W10,pMOD6-pGRR-W5-RGR-W8"
51,6314.74207,5840.0,2678.963052,D05,10.987,524.3295,12.5,3121,D05,6327,27.82216667,12.5,"pMOD6-pGRR-W10-yeGFP, pMOD4-dcas9-mxi1,pMOD-HOKan-pACT1-ZEV4,pMOD-LTR1-NatMX-pGRR-W8-RGR-W10,pMOD6-pGRR-W5-RGR-W8, pMOD-HOKan-pGRR-W17-RGR-W5,pMOD8-pGALZ4-URGR-W17"
52,2732.873041,2479.0,1857.374855,A06,3.9760000000000004,499.5356666999999,25.0,2489,A06,6059,3.028333333,25.0,"pMOD6-pGRR-W10-yeGFP, pMOD-dcas9-mxi1,pMOD-HOKan-pACT1-ZEV4,pMOD8-pGALZ4-URGR-W10"
53,6830.539959000001,6381.0,2734.651877,B06,5.952999999999999,507.3705,25.0,2928,B06,6325,10.86316667,25.0,"pMOD6-pGRR-W10-yeGFP, pMOD-dcas9-mxi1,pMOD-HOKan-pACT1-ZEV4,pMOD-LTR1-NatMX-pGRR-W8-RGR-W10,pMOD8-pGALZ4-URGR-W8"
54,4724.383578,4338.5,2140.757497,C06,8.154,515.8885,25.0,3264,C06,6326,19.38116667,25.0,"pMOD6-pGRR-W10-yeGFP, pMOD4-dcas9-mxi1,pMOD-HOKan-pACT1-ZEV4,pMOD8-pGALZ4-URGR-W5,pMOD-LTR1-NatMX-pGRR-W8-RGR-W10,pMOD6-pGRR-W5-RGR-W8"
55,7111.955569,6550.5,3049.290621,D06,10.469000000000001,525.1376667,25.0,3196,D06,6327,28.63033333,25.0,"pMOD6-pGRR-W10-yeGFP, pMOD4-dcas9-mxi1,pMOD-HOKan-pACT1-ZEV4,pMOD-LTR1-NatMX-pGRR-W8-RGR-W10,pMOD6-pGRR-W5-RGR-W8, pMOD-HOKan-pGRR-W17-RGR-W5,pMOD8-pGALZ4-URGR-W17"
56,2599.329213,2458.0,1484.9257599999999,A07,4.86,500.2143333000001,37.5,2427,A07,6059,3.707,37.5,"pMOD6-pGRR-W10-yeGFP, pMOD-dcas9-mxi1,pMOD-HOKan-pACT1-ZEV4,pMOD8-pGALZ4-URGR-W10"
57,7149.468047,6692.0,2961.388766,B07,5.8,508.1203333000001,37.5,2801,B07,6325,11.613,37.5,"pMOD6-pGRR-W10-yeGFP, pMOD-dcas9-mxi1,pMOD-HOKan-pACT1-ZEV4,pMOD-LTR1-NatMX-pGRR-W8-RGR-W10,pMOD8-pGALZ4-URGR-W8"
58,4726.0699509999995,4346.0,2199.005528,C07,8.12,516.6796667,37.5,3045,C07,6326,20.17233333,37.5,"pMOD6-pGRR-W10-yeGFP, pMOD4-dcas9-mxi1,pMOD-HOKan-pACT1-ZEV4,pMOD8-pGALZ4-URGR-W5,pMOD-LTR1-NatMX-pGRR-W8-RGR-W10,pMOD6-pGRR-W5-RGR-W8"
59,7411.740998,6877.0,3098.12698,D07,10.332,525.9695,37.5,3027,D07,6327,29.46216667,37.5,"pMOD6-pGRR-W10-yeGFP, pMOD4-dcas9-mxi1,pMOD-HOKan-pACT1-ZEV4,pMOD-LTR1-NatMX-pGRR-W8-RGR-W10,pMOD6-pGRR-W5-RGR-W8, pMOD-HOKan-pGRR-W17-RGR-W5,pMOD8-pGALZ4-URGR-W17"
60,2627.278325,2469.0,1329.879441,A08,4.239,500.83216669999996,50.0,2436,A08,6059,4.324833333,50.0,"pMOD6-pGRR-W10-yeGFP, pMOD-dcas9-mxi1,pMOD-HOKan-pACT1-ZEV4,pMOD8-pGALZ4-URGR-W10"
61,7457.972231999999,7020.0,2976.422261,B08,5.939,508.81883330000005,50.0,2809,B08,6325,12.3115,50.0,"pMOD6-pGRR-W10-yeGFP, pMOD-dcas9-mxi1,pMOD-HOKan-pACT1-ZEV4,pMOD-LTR1-NatMX-pGRR-W8-RGR-W10,pMOD8-pGALZ4-URGR-W8"
62,4423.450656,4072.0,1902.844007,C08,7.843999999999999,517.3815,50.0,3202,C08,6326,20.87416667,50.0,"pMOD6-pGRR-W10-yeGFP, pMOD4-dcas9-mxi1,pMOD-HOKan-pACT1-ZEV4,pMOD8-pGALZ4-URGR-W5,pMOD-LTR1-NatMX-pGRR-W8-RGR-W10,pMOD6-pGRR-W5-RGR-W8"
63,7550.807814,7029.5,3112.3558199999998,D08,9.356,526.7495,50.0,3148,D08,6327,30.24216667,50.0,"pMOD6-pGRR-W10-yeGFP, pMOD4-dcas9-mxi1,pMOD-HOKan-pACT1-ZEV4,pMOD-LTR1-NatMX-pGRR-W8-RGR-W10,pMOD6-pGRR-W5-RGR-W8, pMOD-HOKan-pGRR-W17-RGR-W5,pMOD8-pGALZ4-URGR-W17"
64,2867.783085,2629.5,1874.7902219999999,A09,4.133,501.44233330000003,75.0,2554,A09,6059,4.935,75.0,"pMOD6-pGRR-W10-yeGFP, pMOD-dcas9-mxi1,pMOD-HOKan-pACT1-ZEV4,pMOD8-pGALZ4-URGR-W10"
65,7644.569205,7145.0,3028.916709,B09,7.104,509.5116666999999,75.0,2955,B09,6325,13.00433333,75.0,"pMOD6-pGRR-W10-yeGFP, pMOD-dcas9-mxi1,pMOD-HOKan-pACT1-ZEV4,pMOD-LTR1-NatMX-pGRR-W8-RGR-W10,pMOD8-pGALZ4-URGR-W8"
66,4305.644504,3947.0,1883.137798,C09,9.142999999999999,518.1166667,75.0,2993,C09,6326,21.60933333,75.0,"pMOD6-pGRR-W10-yeGFP, pMOD4-dcas9-mxi1,pMOD-HOKan-pACT1-ZEV4,pMOD8-pGALZ4-URGR-W5,pMOD-LTR1-NatMX-pGRR-W8-RGR-W10,pMOD6-pGRR-W5-RGR-W8"
67,7607.930743000001,7007.0,3156.697249,D09,12.200999999999999,527.5295,75.0,3191,D09,6327,31.02216667,75.0,"pMOD6-pGRR-W10-yeGFP, pMOD4-dcas9-mxi1,pMOD-HOKan-pACT1-ZEV4,pMOD-LTR1-NatMX-pGRR-W8-RGR-W10,pMOD6-pGRR-W5-RGR-W8, pMOD-HOKan-pGRR-W17-RGR-W5,pMOD8-pGALZ4-URGR-W17"
68,2508.777647,2349.5,1516.577576,A10,5.15,502.064,100.0,2550,A10,6059,5.556666667000001,100.0,"pMOD6-pGRR-W10-yeGFP, pMOD-dcas9-mxi1,pMOD-HOKan-pACT1-ZEV4,pMOD8-pGALZ4-URGR-W10"
69,7801.691697,7285.0,3124.905452,B10,6.166,510.2085,100.0,3023,B10,6325,13.70116667,100.0,"pMOD6-pGRR-W10-yeGFP, pMOD-dcas9-mxi1,pMOD-HOKan-pACT1-ZEV4,pMOD-LTR1-NatMX-pGRR-W8-RGR-W10,pMOD8-pGALZ4-URGR-W8"
70,4174.973428,3779.0,2021.716248,C10,9.832,518.8611666999999,100.0,3086,C10,6326,22.35383333,100.0,"pMOD6-pGRR-W10-yeGFP, pMOD4-dcas9-mxi1,pMOD-HOKan-pACT1-ZEV4,pMOD8-pGALZ4-URGR-W5,pMOD-LTR1-NatMX-pGRR-W8-RGR-W10,pMOD6-pGRR-W5-RGR-W8"
71,7828.949740999999,7239.5,3262.092203,D10,13.265999999999998,528.369,100.0,3084,D10,6327,31.86166667,100.0,"pMOD6-pGRR-W10-yeGFP, pMOD4-dcas9-mxi1,pMOD-HOKan-pACT1-ZEV4,pMOD-LTR1-NatMX-pGRR-W8-RGR-W10,pMOD6-pGRR-W5-RGR-W8, pMOD-HOKan-pGRR-W17-RGR-W5,pMOD8-pGALZ4-URGR-W17"
